customer_id,policy_type,premium_amount,policy_id,start_date,end_date
1,Auto,2083,1,2019-06-22,2020-06-21
2,Auto,2983,2,2022-10-19,2023-10-19
3,Life,1634,3,2019-07-10,2020-07-09
4,Home,652,4,2022-05-26,2023-05-26
5,Auto,2158,5,2019-10-15,2020-10-14
6,Home,2356,6,2022-12-21,2023-12-21
7,Auto,1714,7,2019-09-04,2020-09-03
8,AUTO,2252,8,2018-09-09,2021-01-21
9,Auto,1604,9,2021-06-13,2022-06-13
10,auto,1394,10,2021-06-23,2023-11-05
11,auto,1611,11,2022-10-23,2023-10-23
12,Home,603,12,2022-01-28,2023-01-28
13,Life,2414,13,2023-05-18,2024-05-17
14,Life,1506,14,2022-01-02,2023-01-02
15,Home,906,15,2019-07-30,2020-07-29
16,Auto,1901,16,2018-02-15,2019-02-15
17,Auto,666,17,2019-07-24,2020-07-23
18,Auto,1008,18,2019-02-06,2020-02-06
19,Auto,2161,19,2018-05-18,2020-09-29
20,Auto,2860,20,2018-05-07,2019-05-07
21,Life,1262,21,2017-03-22,2019-08-04
22,Home,1180,22,2018-01-31,2019-01-31
23,Life,2620,23,2021-03-02,2022-03-02
24,Auto,1664,24,2019-02-20,2020-02-20
25,Auto,1081,25,2019-03-22,2020-03-21
26,Auto,761,26,2018-05-11,2019-05-11
27,Auto,1863,27,2021-03-22,2022-03-22
28,Home,1831,28,2019-08-17,2020-08-16
29,Auto,2792,29,2022-05-21,2023-05-21
30,Home,2038,30,2018-02-22,2019-02-22
31,Auto,1060,31,2021-02-05,2022-02-05
32,Home,1599,32,2020-10-31,2021-10-31
33,Life,2403,33,2018-09-01,2019-09-01
34,Auto,674,34,2023-02-10,2024-02-10
35,Home,2656,35,2023-07-01,2024-06-30
36,Auto,2730,36,2018-08-20,2019-08-20
37,Auto,691,37,2020-03-18,2021-03-18
38,AUTO,564,38,2021-08-20,2022-08-20
39,Auto,1997,39,2018-08-31,2021-01-12
40,AUTO,2067,40,2020-02-03,2021-02-02
41,Home,1651,41,2020-03-16,2021-03-16
42,Life,2437,42,2020-02-15,2021-02-14
43,Home,868,43,2023-06-20,2024-06-19
44,Home,1350,44,2019-12-27,2020-12-26
45,AUTO,542,45,2018-08-14,2019-08-14
46,auto,2407,46,2020-08-22,2021-08-22
47,Auto,577,47,2018-04-09,2019-04-09
48,Auto,2324,48,2023-05-06,2024-05-05
49,Auto,1793,49,2020-08-24,2021-08-24
50,Auto,1173,50,2023-03-20,2024-03-19
51,Auto,1200,51,2020-06-02,2021-06-02
52,Life,1258,52,2021-05-02,2022-05-02
53,Life,2423,53,2019-04-19,2020-04-18
54,Life,1401,54,2019-08-29,2020-08-28
55,Life,1492,55,2021-12-25,2022-12-25
56,auto,1691,56,2020-08-24,2021-08-24
57,Life,2886,57,2019-03-25,2020-03-24
58,AUTO,2740,58,2018-03-31,2019-03-31
59,Life,1976,59,2018-04-20,2019-04-20
60,Home,2830,60,2019-06-26,2021-11-07
61,Life,889,61,2020-05-10,2021-05-10
62,Life,1499,62,2021-06-01,2022-06-01
63,Auto,1024,63,2020-11-20,2023-04-04
64,Life,2355,64,2018-04-19,2019-04-19
65,Home,2006,65,2018-02-18,2019-02-18
66,Auto,1158,66,2021-11-20,2022-11-20
67,Auto,1390,67,2022-07-23,2023-07-23
68,Life,1981,68,2022-01-04,2023-01-04
69,Auto,951,69,2019-02-23,2020-02-23
70,Auto,2975,70,2022-03-01,2023-03-01
71,Auto,2037,71,2019-10-27,2020-10-26
72,Auto,1382,72,2020-11-19,2021-11-19
73,Auto,812,73,2022-08-08,2023-08-08
74,Auto,1339,74,2018-05-31,2019-05-31
75,Home,874,75,2018-10-17,2019-10-17
76,Life,950,76,2018-09-02,2019-09-02
77,Home,1094,77,2023-02-08,2024-02-08
78,Auto,1733,78,2023-05-11,2024-05-10
79,Auto,999,79,2019-01-19,2020-01-19
80,Auto,963,80,2021-06-06,2022-06-06
81,Home,612,81,2022-08-11,2023-08-11
82,Life,1535,82,2019-03-29,2020-03-28
83,Home,2878,83,2019-03-03,2020-03-02
84,Auto,2424,84,2021-06-04,2022-06-04
85,Life,639,85,2021-11-19,2022-11-19
86,Life,1924,86,2019-05-25,2020-05-24
87,Auto,1016,87,2019-06-29,2020-06-28
88,Life,2447,88,2019-08-07,2020-08-06
89,Home,2665,89,2022-03-03,2023-03-03
90,Home,1387,90,2019-04-06,2020-04-05
91,Home,1841,91,2021-07-08,2022-07-08
92,Home,549,92,2020-03-04,2021-03-04
93,Auto,518,93,2018-12-30,2019-12-30
94,Life,1225,94,2021-10-27,2022-10-27
95,Home,2744,95,2019-06-29,2020-06-28
96,AUTO,1973,96,2021-09-10,2022-09-10
97,Life,951,97,2018-06-05,2019-06-05
98,Life,2836,98,2022-05-10,2023-05-10
99,Auto,1664,99,2021-02-25,2023-07-10
100,Auto,1607,100,2020-09-30,2021-09-30
101,AUTO,2938,101,2019-01-03,2020-01-03
102,Life,714,102,2021-06-19,2022-06-19
103,Life,2049,103,2021-10-14,2022-10-14
104,Auto,2762,104,2021-06-25,2022-06-25
105,Life,627,105,2022-08-11,2023-08-11
106,Home,2345,106,2022-12-03,2023-12-03
107,Life,1259,107,2019-01-09,2020-01-09
108,Auto,2951,108,2020-07-20,2021-07-20
109,Auto,2315,109,2018-12-21,2019-12-21
110,Home,2885,110,2020-09-13,2021-09-13
111,Auto,860,111,2019-04-08,2020-04-07
112,Life,1068,112,2020-08-17,2021-08-17
113,Life,1915,113,2020-08-23,2021-08-23
114,Auto,2765,114,2022-05-16,2023-05-16
115,Home,2097,115,2023-01-24,2024-01-24
116,Home,2192,116,2021-12-02,2022-12-02
117,Home,701,117,2020-05-09,2021-05-09
118,Life,2564,118,2022-06-06,2023-06-06
119,Home,2869,119,2022-07-27,2023-07-27
120,Auto,1017,120,2018-06-19,2019-06-19
121,Auto,1848,121,2018-08-27,2019-08-27
122,auto,1935,122,2019-02-07,2020-02-07
123,Life,1841,123,2018-04-29,2019-04-29
124,Home,1180,124,2018-07-24,2019-07-24
125,Life,2488,125,2020-02-28,2021-02-27
126,Auto,1991,126,2019-01-10,2020-01-10
127,Home,924,127,2022-12-29,2023-12-29
128,Auto,2468,128,2018-06-13,2019-06-13
129,Home,2212,129,2022-09-09,2023-09-09
130,Life,2934,130,2019-11-11,2020-11-10
131,Home,1277,131,2023-03-23,2024-03-22
132,AUTO,2645,132,2022-02-22,2023-02-22
133,Auto,2326,133,2020-02-23,2021-02-22
134,Auto,707,134,2019-01-11,2020-01-11
135,Home,2037,135,2018-10-30,2021-03-13
136,Life,2159,136,2022-10-11,2023-10-11
137,Life,2713,137,2017-01-26,2019-06-10
138,Auto,521,138,2018-12-17,2019-12-17
139,Life,653,139,2023-04-28,2024-04-27
140,Auto,2462,140,2021-08-12,2022-08-12
141,Life,718,141,2021-08-26,2022-08-26
142,Home,1168,142,2020-06-16,2021-06-16
143,Auto,2018,143,2021-06-05,2022-06-05
144,AUTO,2777,144,2019-07-02,2020-07-01
145,Home,2567,145,2019-06-23,2020-06-22
146,Auto,1449,146,2020-03-03,2021-03-03
147,Life,2695,147,2018-10-06,2019-10-06
148,Auto,902,148,2020-08-01,2021-08-01
149,auto,1095,149,2021-11-26,2022-11-26
150,AUTO,2914,150,2018-07-30,2019-07-30
151,Auto,1937,151,2023-06-29,2024-06-28
152,Home,1657,152,2022-09-04,2023-09-04
153,Auto,2242,153,2019-05-08,2020-05-07
154,Auto,1806,154,2023-01-31,2024-01-31
155,Life,572,155,2020-05-04,2021-05-04
156,Home,980,156,2018-05-10,2019-05-10
157,AUTO,1059,157,2020-10-06,2021-10-06
158,AUTO,1244,158,2022-07-09,2023-07-09
159,Life,1966,159,2020-03-29,2021-03-29
160,AUTO,599,160,2019-02-21,2020-02-21
161,Auto,1582,161,2022-11-04,2023-11-04
162,Home,2805,162,2021-05-09,2022-05-09
163,Home,912,163,2021-08-31,2022-08-31
164,auto,1588,164,2022-01-14,2023-01-14
165,Home,1677,165,2019-11-17,2020-11-16
166,Life,2508,166,2018-05-02,2019-05-02
167,Life,2813,167,2020-06-24,2021-06-24
168,Life,1320,168,2023-05-09,2024-05-08
169,Auto,1161,169,2018-05-11,2019-05-11
170,Life,1059,170,2022-05-05,2023-05-05
171,Life,1771,171,2021-06-10,2022-06-10
172,Life,2313,172,2022-08-05,2023-08-05
173,Home,1109,173,2018-02-23,2019-02-23
174,Life,2961,174,2019-05-20,2020-05-19
175,Auto,524,175,2020-03-04,2021-03-04
176,Home,2528,176,2021-07-09,2022-07-09
177,Auto,783,177,2020-08-26,2021-08-26
178,Life,1972,178,2020-12-16,2023-04-30
179,Home,800,179,2018-06-14,2019-06-14
180,Auto,1591,180,2021-12-04,2022-12-04
181,Life,1530,181,2019-07-02,2021-11-13
182,AUTO,1316,182,2019-11-09,2020-11-08
183,AUTO,582,183,2022-08-14,2023-08-14
184,Auto,2420,184,2023-04-13,2024-04-12
185,Life,2593,185,2018-11-01,2019-11-01
186,Life,1117,186,2021-11-01,2022-11-01
187,Auto,2809,187,2018-09-01,2019-09-01
188,auto,675,188,2019-10-21,2020-10-20
189,Home,1689,189,2018-06-26,2020-11-07
190,AUTO,1341,190,2017-05-05,2019-09-17
191,Life,869,191,2022-11-17,2023-11-17
192,Life,2318,192,2018-08-18,2019-08-18
193,auto,2601,193,2018-10-04,2019-10-04
194,Life,1189,194,2019-09-15,2020-09-14
195,Home,2279,195,2019-10-24,2020-10-23
196,Auto,1864,196,2018-09-02,2019-09-02
197,Auto,1932,197,2020-05-27,2022-10-09
198,Auto,866,198,2019-07-12,2020-07-11
199,Home,1143,199,2018-12-30,2021-05-13
200,Auto,2926,200,2021-08-28,2024-01-10
201,Home,572,201,2022-12-20,2023-12-20
202,Home,1771,202,2022-02-18,2023-02-18
203,Auto,1359,203,2020-02-14,2021-02-13
204,Life,542,204,2019-07-03,2020-07-02
205,Auto,2924,205,2018-08-13,2019-08-13
206,Auto,1564,206,2019-05-01,2020-04-30
207,Home,2717,207,2017-11-04,2020-03-18
208,Auto,2759,208,2018-10-23,2019-10-23
209,Home,2016,209,2022-05-28,2023-05-28
210,AUTO,2586,210,2022-06-19,2023-06-19
211,Auto,868,211,2022-02-11,2023-02-11
212,Life,650,212,2021-12-24,2022-12-24
213,auto,1634,213,2018-04-02,2019-04-02
214,auto,2003,214,2020-12-27,2021-12-27
215,Life,1959,215,2019-04-07,2020-04-06
216,Home,1570,216,2018-10-29,2019-10-29
217,Home,1523,217,2022-09-30,2023-09-30
218,Life,2098,218,2019-03-26,2020-03-25
219,Life,2540,219,2022-10-14,2023-10-14
220,Home,1889,220,2021-10-16,2022-10-16
221,Life,568,221,2018-07-18,2020-11-29
222,Auto,2846,222,2019-06-15,2020-06-14
223,Home,1443,223,2019-12-20,2020-12-19
224,Life,1301,224,2022-08-01,2023-08-01
225,Auto,2843,225,2018-02-05,2019-02-05
226,Life,2750,226,2018-02-07,2019-02-07
227,Auto,560,227,2019-03-18,2020-03-17
228,Home,1445,228,2020-11-26,2021-11-26
229,AUTO,1837,229,2023-01-30,2024-01-30
230,Auto,1684,230,2018-04-28,2019-04-28
231,Home,830,231,2021-11-11,2022-11-11
232,Auto,2051,232,2021-08-17,2022-08-17
233,Auto,837,233,2021-03-14,2022-03-14
234,Home,2129,234,2021-06-28,2022-06-28
235,Auto,1827,235,2021-03-08,2022-03-08
236,Life,2026,236,2017-01-24,2019-06-08
237,Auto,2173,237,2019-01-06,2020-01-06
238,Home,1861,238,2021-05-06,2022-05-06
239,Home,2073,239,2022-08-23,2023-08-23
240,Auto,774,240,2022-06-13,2023-06-13
241,Auto,1687,241,2017-01-03,2019-05-18
242,Auto,2866,242,2023-03-30,2024-03-29
243,Auto,2934,243,2020-03-14,2022-07-27
244,Life,2493,244,2019-06-03,2020-06-02
245,Life,1369,245,2019-04-06,2020-04-05
246,Home,1514,246,2023-04-25,2024-04-24
247,Auto,2411,247,2021-02-17,2022-02-17
248,Auto,1102,248,2022-02-23,2023-02-23
249,Home,2299,249,2021-06-14,2022-06-14
250,Auto,1190,250,2023-02-15,2024-02-15
251,Auto,993,251,2020-06-20,2021-06-20
252,AUTO,989,252,2023-03-08,2024-03-07
253,auto,889,253,2022-03-12,2023-03-12
254,Auto,794,254,2019-05-14,2020-05-13
255,Auto,1892,255,2020-11-18,2021-11-18
256,Auto,2217,256,2021-12-22,2022-12-22
257,Home,1148,257,2023-04-27,2024-04-26
258,AUTO,2373,258,2018-11-12,2019-11-12
259,Life,1067,259,2018-08-29,2019-08-29
260,Life,944,260,2021-06-19,2023-11-01
261,Life,862,261,2020-07-19,2021-07-19
262,Life,2670,262,2021-01-06,2022-01-06
263,Home,1711,263,2019-03-27,2021-08-08
264,Auto,1241,264,2018-05-18,2019-05-18
265,Auto,2541,265,2020-11-16,2021-11-16
266,auto,1179,266,2021-12-14,2022-12-14
267,Home,2967,267,2019-05-19,2020-05-18
268,Auto,2142,268,2020-08-11,2021-08-11
269,Auto,2072,269,2019-09-08,2020-09-07
270,Home,1858,270,2018-09-16,2019-09-16
271,Life,2639,271,2019-09-13,2020-09-12
272,Auto,562,272,2017-07-23,2019-12-05
273,Life,1662,273,2019-08-13,2020-08-12
274,Auto,1728,274,2020-11-26,2021-11-26
275,Life,755,275,2017-04-09,2019-08-22
276,Auto,634,276,2023-07-04,2024-07-03
277,Life,1374,277,2020-11-30,2021-11-30
278,Auto,1321,278,2022-07-31,2023-07-31
279,Life,2635,279,2020-08-16,2022-12-29
280,Auto,1322,280,2020-09-07,2023-01-20
281,auto,1473,281,2021-11-03,2022-11-03
282,Home,2277,282,2020-11-10,2021-11-10
283,Life,620,283,2019-08-10,2020-08-09
284,Auto,2137,284,2021-12-15,2024-04-28
285,Auto,1864,285,2022-12-02,2023-12-02
286,Auto,1507,286,2022-11-10,2023-11-10
287,Life,1424,287,2020-10-22,2021-10-22
288,Home,1144,288,2020-12-29,2021-12-29
289,Home,2532,289,2023-02-02,2024-02-02
290,Auto,2568,290,2021-06-04,2022-06-04
291,auto,741,291,2021-02-21,2022-02-21
292,Life,2850,292,2019-12-01,2020-11-30
293,Auto,2119,293,2018-05-22,2019-05-22
294,Life,1302,294,2022-07-21,2023-07-21
295,AUTO,1463,295,2021-11-27,2022-11-27
296,AUTO,568,296,2021-03-26,2022-03-26
297,Auto,1652,297,2019-06-30,2021-11-11
298,Auto,695,298,2023-04-21,2024-04-20
299,Home,2687,299,2019-07-09,2020-07-08
300,Life,2830,300,2020-10-13,2021-10-13
301,Life,2859,301,2018-09-04,2019-09-04
302,auto,1245,302,2021-04-13,2022-04-13
303,Auto,2188,303,2023-01-09,2024-01-09
304,Home,776,304,2022-11-14,2023-11-14
305,AUTO,560,305,2022-02-14,2023-02-14
306,Home,2413,306,2018-11-21,2021-04-04
307,Auto,2599,307,2019-01-21,2021-06-04
308,Life,2700,308,2019-03-04,2020-03-03
309,Home,2272,309,2018-08-18,2019-08-18
310,Auto,1834,310,2018-02-28,2019-02-28
311,Home,2337,311,2019-04-16,2021-08-28
312,Life,1066,312,2022-12-01,2023-12-01
313,Life,2071,313,2017-03-10,2019-07-23
314,Auto,1121,314,2021-01-09,2022-01-09
315,Auto,2525,315,2020-08-07,2021-08-07
316,auto,1700,316,2020-11-30,2021-11-30
317,Home,813,317,2017-06-02,2019-10-15
318,Home,2644,318,2021-03-03,2022-03-03
319,Home,1736,319,2019-08-31,2020-08-30
320,Auto,636,320,2018-01-23,2020-06-06
321,Life,1529,321,2020-02-12,2022-06-26
322,Life,2656,322,2019-06-16,2020-06-15
323,Auto,1161,323,2022-04-15,2023-04-15
324,Home,2972,324,2022-10-23,2023-10-23
325,Life,2808,325,2021-07-03,2023-11-15
326,auto,586,326,2018-12-21,2019-12-21
327,Home,2623,327,2019-12-14,2020-12-13
328,Home,2961,328,2020-12-20,2021-12-20
329,Life,1808,329,2019-05-23,2020-05-22
330,Auto,2200,330,2020-07-01,2021-07-01
331,Home,994,331,2023-04-06,2024-04-05
332,Life,2147,332,2020-03-01,2021-03-01
333,auto,2442,333,2019-07-15,2020-07-14
334,Life,1568,334,2018-06-24,2019-06-24
335,Life,1924,335,2022-08-27,2023-08-27
336,Auto,1096,336,2019-08-17,2020-08-16
337,Life,949,337,2023-05-18,2024-05-17
338,AUTO,984,338,2018-07-02,2019-07-02
339,Auto,1145,339,2021-05-08,2022-05-08
340,Life,2129,340,2018-03-20,2019-03-20
341,Auto,1161,341,2020-07-05,2021-07-05
342,Home,1257,342,2023-02-03,2024-02-03
343,Life,788,343,2021-09-07,2022-09-07
344,Home,1220,344,2023-04-14,2024-04-13
345,Auto,1137,345,2018-08-24,2019-08-24
346,Life,2782,346,2019-02-20,2020-02-20
347,Life,2963,347,2019-10-27,2020-10-26
348,Life,998,348,2021-02-19,2022-02-19
349,Life,1133,349,2021-01-15,2022-01-15
350,Auto,2173,350,2019-07-25,2020-07-24
351,AUTO,2530,351,2021-09-15,2022-09-15
352,AUTO,614,352,2020-10-05,2021-10-05
353,Auto,1173,353,2019-10-28,2022-03-11
354,AUTO,2236,354,2020-07-26,2021-07-26
355,Auto,1757,355,2020-05-17,2021-05-17
356,Auto,2753,356,2022-10-06,2023-10-06
357,Auto,2794,357,2018-02-01,2019-02-01
358,Auto,646,358,2019-03-31,2020-03-30
359,Life,2665,359,2022-10-04,2023-10-04
360,Life,911,360,2020-01-11,2021-01-10
361,Home,2187,361,2021-10-16,2022-10-16
362,Life,2910,362,2018-07-27,2019-07-27
363,Life,2032,363,2018-05-13,2019-05-13
364,Auto,636,364,2021-05-18,2022-05-18
365,Auto,518,365,2019-05-11,2020-05-10
366,Life,2742,366,2021-03-18,2022-03-18
367,Home,2877,367,2018-12-04,2021-04-17
368,Auto,2459,368,2022-07-11,2023-07-11
369,Life,2722,369,2021-02-19,2022-02-19
370,Life,1501,370,2020-02-10,2021-02-09
371,Home,948,371,2019-05-13,2020-05-12
372,Home,2448,372,2020-02-16,2021-02-15
373,AUTO,1445,373,2021-08-31,2022-08-31
374,Home,1877,374,2020-09-19,2021-09-19
375,Auto,2022,375,2023-02-08,2024-02-08
376,Life,640,376,2020-11-14,2021-11-14
377,auto,2420,377,2021-03-02,2022-03-02
378,Home,592,378,2021-09-25,2024-02-07
379,Home,738,379,2018-06-11,2019-06-11
380,Home,704,380,2019-02-24,2020-02-24
381,Auto,1956,381,2018-08-05,2019-08-05
382,Home,744,382,2020-03-20,2022-08-02
383,Auto,1331,383,2019-11-04,2020-11-03
384,Life,794,384,2022-11-13,2023-11-13
385,Auto,1355,385,2020-12-28,2021-12-28
386,Auto,2564,386,2019-02-14,2020-02-14
387,Home,570,387,2022-10-07,2023-10-07
388,Life,1792,388,2022-05-03,2023-05-03
389,Life,1848,389,2018-03-22,2019-03-22
390,Life,804,390,2018-05-17,2019-05-17
391,auto,1530,391,2018-03-31,2019-03-31
392,Home,1837,392,2023-03-28,2024-03-27
393,Auto,1316,393,2018-05-18,2019-05-18
394,Life,1626,394,2019-09-05,2020-09-04
395,Home,1320,395,2020-08-09,2022-12-22
396,AUTO,692,396,2020-04-29,2021-04-29
397,Life,2276,397,2022-03-14,2023-03-14
398,Auto,1028,398,2019-05-27,2020-05-26
399,Auto,2718,399,2022-05-19,2023-05-19
400,Auto,750,400,2018-06-08,2019-06-08
401,Auto,2288,401,2018-03-08,2019-03-08
402,Life,2526,402,2022-12-11,2023-12-11
403,Auto,2963,403,2020-09-18,2021-09-18
404,Auto,1903,404,2021-03-14,2023-07-27
405,Auto,1667,405,2022-07-28,2023-07-28
406,Auto,2572,406,2021-11-15,2024-03-29
407,Life,1596,407,2018-10-01,2019-10-01
408,Auto,2347,408,2022-07-30,2023-07-30
409,Life,1004,409,2019-12-18,2020-12-17
410,auto,2121,410,2023-02-22,2024-02-22
411,Life,2883,411,2023-03-31,2024-03-30
412,Life,2972,412,2019-08-04,2020-08-03
413,Auto,1887,413,2020-02-01,2021-01-31
414,Home,1722,414,2023-05-12,2024-05-11
415,Home,1217,415,2022-01-15,2023-01-15
416,Home,838,416,2019-07-21,2020-07-20
417,Home,1158,417,2021-08-28,2022-08-28
418,AUTO,1461,418,2020-07-14,2021-07-14
419,Home,928,419,2019-08-19,2020-08-18
420,AUTO,1398,420,2021-10-10,2022-10-10
421,auto,638,421,2021-10-13,2024-02-25
422,Life,1041,422,2021-12-31,2024-05-14
423,Home,2604,423,2016-10-16,2019-02-28
424,Auto,1755,424,2020-07-19,2021-07-19
425,Auto,2982,425,2021-01-04,2022-01-04
426,Home,883,426,2019-12-30,2020-12-29
427,Auto,693,427,2018-09-22,2019-09-22
428,Auto,2732,428,2019-01-13,2020-01-13
429,Auto,2395,429,2021-01-30,2023-06-14
430,Life,2839,430,2022-06-18,2023-06-18
431,Home,1231,431,2021-07-15,2022-07-15
432,Home,2663,432,2019-10-14,2020-10-13
433,Auto,1184,433,2020-01-15,2021-01-14
434,Life,581,434,2021-09-08,2022-09-08
435,Home,2880,435,2020-10-11,2021-10-11
436,Home,2882,436,2020-08-04,2021-08-04
437,Home,1031,437,2019-10-28,2020-10-27
438,Home,2483,438,2020-03-22,2021-03-22
439,auto,720,439,2021-09-05,2022-09-05
440,Home,1134,440,2018-05-12,2020-09-23
441,Auto,2269,441,2023-03-01,2024-02-29
442,Life,2870,442,2020-03-29,2021-03-29
443,AUTO,2374,443,2021-04-25,2022-04-25
444,Home,502,444,2019-11-24,2020-11-23
445,Life,2217,445,2021-09-22,2024-02-04
446,Life,705,446,2021-11-11,2022-11-11
447,Life,2355,447,2018-08-04,2019-08-04
448,AUTO,539,448,2022-05-14,2023-05-14
449,Home,2606,449,2022-05-08,2023-05-08
450,Life,1143,450,2022-06-21,2023-06-21
451,Life,2030,451,2021-04-24,2023-09-06
452,Home,2407,452,2020-09-24,2021-09-24
453,Auto,2643,453,2019-07-11,2020-07-10
454,auto,1397,454,2020-01-06,2021-01-05
455,Auto,1585,455,2020-07-19,2021-07-19
456,auto,1779,456,2021-12-13,2022-12-13
457,Auto,2895,457,2020-06-16,2021-06-16
458,Auto,1170,458,2019-09-23,2020-09-22
459,Auto,2005,459,2019-02-19,2020-02-19
460,Home,2864,460,2021-10-05,2022-10-05
461,Auto,1218,461,2021-06-06,2022-06-06
462,auto,1571,462,2019-03-04,2021-07-16
463,Auto,2455,463,2018-06-28,2019-06-28
464,Auto,1659,464,2023-06-14,2024-06-13
465,AUTO,749,465,2021-05-30,2022-05-30
466,Life,2861,466,2018-10-26,2019-10-26
467,Auto,2392,467,2019-10-12,2020-10-11
468,AUTO,2353,468,2020-06-24,2021-06-24
469,Home,2003,469,2023-02-26,2024-02-26
470,Life,1734,470,2021-11-30,2022-11-30
471,Auto,543,471,2021-04-23,2022-04-23
472,Life,1082,472,2022-07-09,2023-07-09
473,Life,1788,473,2022-10-31,2023-10-31
474,Auto,719,474,2018-07-25,2019-07-25
475,Home,2425,475,2019-08-14,2020-08-13
476,Home,2948,476,2022-05-19,2023-05-19
477,Home,1490,477,2020-05-11,2021-05-11
478,Home,2312,478,2023-02-04,2024-02-04
479,AUTO,1357,479,2021-06-08,2022-06-08
480,Home,1303,480,2022-10-03,2023-10-03
481,AUTO,989,481,2022-07-05,2023-07-05
482,Auto,2280,482,2019-09-06,2020-09-05
483,Life,1993,483,2023-02-18,2024-02-18
484,auto,2205,484,2017-05-06,2019-09-18
485,Home,2814,485,2020-06-09,2021-06-09
486,Life,553,486,2022-01-13,2023-01-13
487,Auto,1115,487,2022-04-07,2023-04-07
488,Life,1582,488,2017-03-07,2019-07-20
489,auto,2348,489,2019-11-28,2020-11-27
490,Home,1454,490,2023-06-04,2024-06-03
491,Life,2933,491,2022-04-10,2023-04-10
492,Life,2129,492,2021-01-08,2022-01-08
493,Home,1149,493,2019-10-25,2020-10-24
494,Home,2847,494,2020-07-22,2022-12-04
495,Home,894,495,2019-11-11,2020-11-10
496,Home,1859,496,2022-11-20,2023-11-20
497,Life,2943,497,2021-05-18,2022-05-18
498,Life,870,498,2021-04-11,2022-04-11
499,auto,1357,499,2022-02-14,2023-02-14
500,Auto,1290,500,2022-09-02,2023-09-02
501,Life,1157,501,2020-08-21,2021-08-21
502,Auto,1892,502,2018-07-21,2019-07-21
503,Life,883,503,2023-05-04,2024-05-03
504,Auto,2609,504,2022-01-09,2023-01-09
505,Home,738,505,2022-09-05,2023-09-05
506,auto,694,506,2019-05-22,2020-05-21
507,AUTO,2608,507,2023-04-03,2024-04-02
508,Home,1652,508,2020-06-17,2021-06-17
509,Home,2515,509,2018-06-19,2019-06-19
510,AUTO,655,510,2021-09-07,2022-09-07
511,auto,1422,511,2018-06-25,2019-06-25
512,auto,2109,512,2018-12-08,2019-12-08
513,Auto,1474,513,2018-02-03,2019-02-03
514,Auto,1730,514,2021-01-25,2022-01-25
515,Home,2935,515,2022-06-14,2023-06-14
516,Auto,2314,516,2021-03-17,2022-03-17
517,Auto,1337,517,2022-07-01,2023-07-01
518,Auto,2507,518,2022-11-10,2023-11-10
519,Life,1863,519,2023-05-31,2024-05-30
520,Auto,2887,520,2020-09-21,2021-09-21
521,Auto,703,521,2017-07-06,2019-11-18
522,Life,660,522,2023-05-22,2024-05-21
523,Life,891,523,2019-01-12,2020-01-12
524,Auto,1268,524,2023-03-15,2024-03-14
525,Life,1593,525,2020-05-25,2021-05-25
526,Home,904,526,2019-02-10,2020-02-10
527,Home,1107,527,2023-04-22,2024-04-21
528,Life,2114,528,2019-03-29,2020-03-28
529,Life,2040,529,2019-03-01,2020-02-29
530,auto,2337,530,2018-07-05,2019-07-05
531,Auto,1189,531,2021-04-21,2022-04-21
532,Auto,1740,532,2019-09-26,2020-09-25
533,Home,2603,533,2022-10-19,2023-10-19
534,Life,865,534,2020-07-11,2021-07-11
535,AUTO,2222,535,2019-05-16,2020-05-15
536,Auto,954,536,2020-11-03,2021-11-03
537,Home,603,537,2018-12-04,2019-12-04
538,Life,576,538,2019-08-30,2020-08-29
539,Auto,729,539,2020-11-02,2021-11-02
540,Auto,2437,540,2018-11-14,2019-11-14
541,AUTO,2878,541,2019-09-10,2020-09-09
542,Life,1705,542,2022-08-20,2023-08-20
543,Auto,1392,543,2022-06-01,2023-06-01
544,AUTO,2073,544,2019-08-14,2020-08-13
545,Home,2574,545,2021-10-26,2022-10-26
546,Life,2175,546,2018-02-02,2019-02-02
547,Life,798,547,2020-09-03,2021-09-03
548,Auto,1456,548,2018-03-02,2019-03-02
549,Auto,1614,549,2022-09-10,2023-09-10
550,Life,1974,550,2017-11-07,2020-03-21
551,Auto,864,551,2022-06-17,2023-06-17
552,Auto,2198,552,2018-07-16,2019-07-16
553,Auto,850,553,2019-07-06,2020-07-05
554,Life,2800,554,2022-06-27,2023-06-27
555,Auto,2404,555,2020-09-12,2021-09-12
556,Life,1511,556,2022-03-22,2023-03-22
557,Auto,998,557,2018-08-15,2019-08-15
558,Home,1449,558,2019-09-08,2020-09-07
559,Auto,2494,559,2022-06-12,2023-06-12
560,Auto,2546,560,2020-04-21,2021-04-21
561,Life,1007,561,2020-05-28,2021-05-28
562,AUTO,1827,562,2022-04-07,2023-04-07
563,Auto,665,563,2022-04-10,2023-04-10
564,Home,1419,564,2018-02-18,2019-02-18
565,Auto,613,565,2021-03-05,2022-03-05
566,Auto,1491,566,2021-01-04,2022-01-04
567,Home,2451,567,2021-01-05,2022-01-05
568,Life,2754,568,2020-05-06,2021-05-06
569,Auto,1758,569,2018-04-17,2019-04-17
570,Life,1014,570,2021-04-08,2022-04-08
571,Life,1731,571,2021-11-13,2024-03-27
572,Home,1208,572,2017-11-09,2020-03-23
573,Home,2685,573,2019-10-23,2020-10-22
574,Life,838,574,2022-09-18,2023-09-18
575,Auto,567,575,2021-01-23,2022-01-23
576,Life,2096,576,2019-08-20,2020-08-19
577,Auto,2064,577,2019-01-04,2020-01-04
578,Auto,882,578,2023-06-07,2024-06-06
579,Home,518,579,2021-08-20,2022-08-20
580,auto,2621,580,2023-06-25,2024-06-24
581,Auto,1072,581,2018-03-13,2020-07-25
582,Life,1799,582,2022-08-25,2023-08-25
583,Home,2758,583,2019-09-22,2020-09-21
584,Auto,2443,584,2022-10-01,2023-10-01
585,Auto,1150,585,2018-09-29,2019-09-29
586,Home,2145,586,2021-10-08,2024-02-20
587,Life,1493,587,2019-08-12,2020-08-11
588,Home,1838,588,2020-08-23,2021-08-23
589,Home,1400,589,2018-02-08,2019-02-08
590,Auto,2184,590,2017-09-13,2020-01-26
591,Auto,2085,591,2018-10-24,2019-10-24
592,Auto,2423,592,2018-02-02,2020-06-16
593,Auto,2281,593,2019-11-26,2022-04-09
594,Auto,1636,594,2019-02-01,2020-02-01
595,Home,2717,595,2020-12-27,2021-12-27
596,Auto,2444,596,2023-03-21,2024-03-20
597,auto,1537,597,2020-06-03,2021-06-03
598,Home,2238,598,2018-08-21,2019-08-21
599,Life,787,599,2022-08-08,2023-08-08
600,Home,2736,600,2019-01-29,2020-01-29
601,Auto,2090,601,2020-01-31,2021-01-30
602,Home,2245,602,2018-08-29,2019-08-29
603,Home,1598,603,2016-11-26,2019-04-10
604,Auto,2824,604,2022-11-02,2023-11-02
605,Auto,1439,605,2019-10-03,2020-10-02
606,Life,1948,606,2019-09-25,2020-09-24
607,Life,1070,607,2020-03-15,2021-03-15
608,Auto,1500,608,2023-05-08,2024-05-07
609,Auto,1705,609,2021-12-03,2022-12-03
610,auto,1417,610,2020-10-26,2021-10-26
611,Home,2374,611,2019-11-22,2020-11-21
612,Home,1332,612,2018-03-19,2019-03-19
613,Home,2740,613,2023-01-03,2024-01-03
614,Auto,2178,614,2020-12-07,2021-12-07
615,Life,1115,615,2019-02-04,2021-06-18
616,Auto,905,616,2019-04-08,2020-04-07
617,Home,2249,617,2018-03-17,2019-03-17
618,Home,592,618,2023-04-30,2024-04-29
619,Auto,2977,619,2021-08-01,2023-12-14
620,auto,1153,620,2021-07-26,2022-07-26
621,Home,933,621,2023-04-10,2024-04-09
622,Home,1635,622,2023-06-15,2024-06-14
623,Home,874,623,2020-12-17,2021-12-17
624,Auto,1566,624,2021-02-06,2022-02-06
625,Home,706,625,2022-05-04,2023-05-04
626,Home,1279,626,2020-11-01,2021-11-01
627,Life,1819,627,2018-08-18,2019-08-18
628,Auto,1641,628,2020-02-22,2021-02-21
629,Life,1031,629,2019-11-28,2020-11-27
630,Life,2713,630,2022-01-16,2023-01-16
631,Home,589,631,2022-12-24,2023-12-24
632,Auto,1617,632,2019-09-22,2020-09-21
633,Home,512,633,2019-02-01,2020-02-01
634,Auto,2357,634,2021-05-11,2022-05-11
635,Life,1304,635,2022-01-12,2023-01-12
636,Auto,1444,636,2023-05-19,2024-05-18
637,Auto,2357,637,2019-12-31,2020-12-30
638,Home,2110,638,2018-11-18,2019-11-18
639,auto,2459,639,2020-02-18,2021-02-17
640,Auto,1552,640,2019-05-30,2020-05-29
641,Life,795,641,2018-10-18,2019-10-18
642,Life,1425,642,2022-05-30,2023-05-30
643,Auto,1139,643,2018-01-28,2019-01-28
644,Home,2887,644,2023-05-22,2024-05-21
645,Life,1127,645,2019-05-30,2020-05-29
646,Home,2986,646,2019-05-08,2020-05-07
647,Auto,1667,647,2021-09-06,2022-09-06
648,Auto,1441,648,2018-06-28,2019-06-28
649,Life,1329,649,2019-05-04,2020-05-03
650,Life,2270,650,2022-07-04,2023-07-04
651,AUTO,1475,651,2021-01-29,2022-01-29
652,AUTO,1454,652,2019-08-11,2020-08-10
653,AUTO,1762,653,2019-02-21,2021-07-05
654,Auto,1451,654,2019-07-31,2020-07-30
655,Home,1443,655,2022-01-02,2024-05-16
656,Life,2702,656,2023-05-24,2024-05-23
657,Auto,1704,657,2018-09-20,2019-09-20
658,Auto,2635,658,2021-02-08,2022-02-08
659,Auto,2034,659,2021-06-13,2022-06-13
660,Life,1596,660,2019-08-02,2020-08-01
661,Home,678,661,2018-12-19,2021-05-02
662,AUTO,2759,662,2019-04-24,2020-04-23
663,Auto,2328,663,2022-01-18,2023-01-18
664,Home,1757,664,2021-07-25,2022-07-25
665,Life,964,665,2019-02-01,2020-02-01
666,Auto,2274,666,2020-03-12,2021-03-12
667,AUTO,1730,667,2020-05-14,2021-05-14
668,Life,1384,668,2019-02-03,2020-02-03
669,Life,2913,669,2020-05-30,2021-05-30
670,Life,2823,670,2018-10-07,2019-10-07
671,Auto,2927,671,2017-06-08,2019-10-21
672,Life,1832,672,2022-07-09,2023-07-09
673,Auto,2154,673,2023-03-18,2024-03-17
674,AUTO,1444,674,2018-02-15,2019-02-15
675,Auto,1424,675,2018-01-11,2020-05-25
676,Auto,2438,676,2020-08-11,2021-08-11
677,Home,993,677,2018-08-31,2019-08-31
678,Life,2046,678,2021-03-09,2022-03-09
679,auto,2469,679,2019-06-14,2021-10-26
680,Auto,1594,680,2020-11-11,2021-11-11
681,auto,2911,681,2022-03-31,2023-03-31
682,auto,2325,682,2019-10-04,2020-10-03
683,Home,1262,683,2020-08-12,2021-08-12
684,Home,2823,684,2023-04-08,2024-04-07
685,Auto,549,685,2019-12-03,2020-12-02
686,Life,1405,686,2022-07-05,2023-07-05
687,Life,1063,687,2019-09-17,2020-09-16
688,Home,1282,688,2018-09-21,2019-09-21
689,AUTO,2540,689,2020-09-26,2021-09-26
690,Auto,2331,690,2020-09-01,2021-09-01
691,Life,1083,691,2019-01-20,2020-01-20
692,Auto,1819,692,2022-11-29,2023-11-29
693,Home,735,693,2022-12-24,2023-12-24
694,Life,2603,694,2019-07-18,2020-07-17
695,Life,2442,695,2019-10-24,2020-10-23
696,Home,859,696,2022-04-14,2023-04-14
697,Auto,2430,697,2021-12-15,2024-04-28
698,Auto,609,698,2020-04-02,2021-04-02
699,AUTO,691,699,2023-04-18,2024-04-17
700,Home,1403,700,2020-11-11,2021-11-11
701,Life,1616,701,2019-10-22,2022-03-05
702,Home,1361,702,2019-08-25,2020-08-24
703,Auto,1583,703,2021-02-08,2022-02-08
704,Home,1149,704,2023-04-09,2024-04-08
705,AUTO,538,705,2020-10-24,2021-10-24
706,Auto,1136,706,2022-04-09,2023-04-09
707,Life,1536,707,2019-11-21,2020-11-20
708,Auto,535,708,2018-10-01,2019-10-01
709,Life,2648,709,2021-03-31,2022-03-31
710,auto,1861,710,2021-07-10,2022-07-10
711,Auto,2483,711,2020-07-22,2021-07-22
712,Auto,665,712,2021-02-10,2022-02-10
713,Life,2930,713,2022-04-04,2023-04-04
714,Life,2379,714,2022-11-22,2023-11-22
715,Life,530,715,2022-05-18,2023-05-18
716,Auto,510,716,2018-09-26,2019-09-26
717,AUTO,2511,717,2022-08-19,2023-08-19
718,Auto,2643,718,2023-01-13,2024-01-13
719,AUTO,2739,719,2021-10-07,2024-02-19
720,Home,985,720,2022-04-22,2023-04-22
721,Home,1789,721,2018-05-23,2019-05-23
722,AUTO,1947,722,2019-01-04,2020-01-04
723,Life,2785,723,2018-08-10,2019-08-10
724,Life,2443,724,2022-12-28,2023-12-28
725,Auto,2463,725,2023-05-01,2024-04-30
726,Home,2351,726,2020-07-30,2021-07-30
727,AUTO,1969,727,2022-09-08,2023-09-08
728,Home,1866,728,2021-12-02,2022-12-02
729,AUTO,1490,729,2019-06-21,2021-11-02
730,Home,1324,730,2019-11-05,2020-11-04
731,Auto,1962,731,2018-09-12,2019-09-12
732,Auto,2653,732,2019-12-05,2020-12-04
733,Life,2728,733,2022-02-15,2023-02-15
734,Home,2731,734,2022-02-24,2023-02-24
735,Auto,725,735,2018-10-12,2019-10-12
736,Home,1276,736,2021-11-05,2022-11-05
737,Home,1612,737,2022-03-14,2023-03-14
738,Life,1187,738,2022-01-08,2023-01-08
739,Home,1029,739,2019-10-19,2020-10-18
740,Life,1471,740,2018-08-24,2019-08-24
741,Auto,1435,741,2022-05-19,2023-05-19
742,Home,1922,742,2023-06-02,2024-06-01
743,Auto,2653,743,2021-11-01,2022-11-01
744,Home,1794,744,2021-12-16,2022-12-16
745,Auto,2498,745,2022-01-21,2023-01-21
746,Home,2026,746,2020-08-11,2021-08-11
747,Auto,1178,747,2021-10-23,2022-10-23
748,Home,2940,748,2023-04-05,2024-04-04
749,AUTO,539,749,2017-12-07,2020-04-20
750,Home,1605,750,2020-01-16,2021-01-15
751,Home,1344,751,2021-07-02,2023-11-14
752,Home,2243,752,2020-02-12,2022-06-26
753,AUTO,2748,753,2020-09-10,2021-09-10
754,Home,946,754,2021-03-04,2022-03-04
755,Auto,1734,755,2019-08-12,2020-08-11
756,Life,2991,756,2019-05-04,2020-05-03
757,Home,1850,757,2022-12-28,2023-12-28
758,Life,726,758,2019-05-13,2021-09-24
759,Home,547,759,2021-07-30,2022-07-30
760,Home,1962,760,2017-01-30,2019-06-14
761,Auto,2330,761,2022-12-01,2023-12-01
762,auto,686,762,2021-06-10,2022-06-10
763,Life,2892,763,2018-08-03,2019-08-03
764,Auto,2771,764,2020-08-11,2022-12-24
765,Auto,2432,765,2020-09-17,2021-09-17
766,auto,1348,766,2022-09-04,2023-09-04
767,Auto,2532,767,2022-09-17,2023-09-17
768,Home,1752,768,2019-07-03,2020-07-02
769,Life,1913,769,2018-03-02,2019-03-02
770,Life,1478,770,2018-11-03,2019-11-03
771,Home,2112,771,2020-08-06,2021-08-06
772,AUTO,1516,772,2018-12-27,2019-12-27
773,Life,2735,773,2021-09-07,2022-09-07
774,Auto,2381,774,2021-01-10,2022-01-10
775,Home,769,775,2020-08-14,2021-08-14
776,Home,2130,776,2018-10-24,2019-10-24
777,auto,809,777,2021-04-23,2022-04-23
778,Life,2543,778,2020-06-24,2021-06-24
779,Auto,2074,779,2022-09-06,2023-09-06
780,Auto,1595,780,2018-10-14,2019-10-14
781,Home,2195,781,2020-04-21,2021-04-21
782,Life,1945,782,2019-09-26,2020-09-25
783,AUTO,2667,783,2022-08-06,2023-08-06
784,Life,719,784,2020-06-08,2021-06-08
785,Home,552,785,2021-08-17,2023-12-30
786,Home,2257,786,2023-03-19,2024-03-18
787,Home,1974,787,2020-08-06,2021-08-06
788,Home,2166,788,2018-10-25,2019-10-25
789,Home,1760,789,2020-01-05,2021-01-04
790,Life,1219,790,2020-07-02,2021-07-02
791,Auto,905,791,2018-10-02,2019-10-02
792,Life,2969,792,2023-05-25,2024-05-24
793,Auto,2794,793,2021-01-09,2022-01-09
794,Home,571,794,2019-05-05,2020-05-04
795,Auto,2353,795,2020-07-27,2021-07-27
796,Life,2732,796,2018-09-29,2019-09-29
797,Life,2553,797,2018-06-27,2019-06-27
798,auto,1729,798,2020-12-17,2021-12-17
799,Home,2067,799,2023-05-14,2024-05-13
800,Home,886,800,2019-04-02,2020-04-01
801,Auto,2291,801,2018-07-24,2019-07-24
802,Auto,1198,802,2022-08-13,2023-08-13
803,Home,1700,803,2018-05-12,2019-05-12
804,Auto,1326,804,2018-01-29,2019-01-29
805,Life,2322,805,2020-09-14,2021-09-14
806,Home,848,806,2022-12-05,2023-12-05
807,Auto,1778,807,2020-05-14,2021-05-14
808,Auto,807,808,2019-10-04,2020-10-03
809,Life,1650,809,2018-08-08,2019-08-08
810,Auto,2460,810,2022-06-15,2023-06-15
811,Life,2834,811,2019-06-22,2020-06-21
812,Home,1265,812,2019-03-19,2020-03-18
813,Home,1224,813,2023-05-07,2024-05-06
814,Auto,2119,814,2023-01-26,2024-01-26
815,Auto,882,815,2023-01-07,2024-01-07
816,Auto,2935,816,2018-06-20,2019-06-20
817,Auto,1024,817,2021-05-07,2022-05-07
818,Home,775,818,2019-06-29,2020-06-28
819,Auto,836,819,2017-04-19,2019-09-01
820,Auto,2473,820,2021-09-12,2022-09-12
821,Life,980,821,2022-08-07,2023-08-07
822,Life,1410,822,2020-08-15,2021-08-15
823,Auto,2496,823,2021-09-02,2022-09-02
824,AUTO,1851,824,2022-08-16,2023-08-16
825,Auto,2533,825,2019-04-24,2020-04-23
826,Life,2254,826,2021-11-29,2022-11-29
827,Life,608,827,2018-02-21,2020-07-05
828,Home,827,828,2019-02-06,2020-02-06
829,Auto,2299,829,2023-03-06,2024-03-05
830,Life,814,830,2022-11-29,2023-11-29
831,Auto,1634,831,2020-05-19,2021-05-19
832,Auto,1280,832,2021-05-31,2022-05-31
833,Life,2020,833,2018-08-13,2019-08-13
834,Auto,655,834,2021-03-10,2022-03-10
835,auto,1996,835,2022-11-22,2023-11-22
836,Auto,2224,836,2019-10-31,2020-10-30
837,Auto,1386,837,2020-02-16,2022-06-30
838,Home,1221,838,2017-04-07,2019-08-20
839,auto,1412,839,2019-02-20,2020-02-20
840,Life,1370,840,2022-01-27,2023-01-27
841,Auto,512,841,2022-06-21,2023-06-21
842,Life,997,842,2021-11-03,2022-11-03
843,Auto,2256,843,2020-06-22,2021-06-22
844,Auto,2785,844,2019-08-10,2020-08-09
845,Auto,1617,845,2019-07-09,2020-07-08
846,Life,1694,846,2018-06-13,2019-06-13
847,Auto,2504,847,2019-09-25,2020-09-24
848,Life,2147,848,2019-05-19,2020-05-18
849,Auto,2090,849,2020-05-05,2021-05-05
850,Home,1990,850,2019-12-29,2020-12-28
851,Life,642,851,2022-04-28,2023-04-28
852,Auto,1724,852,2022-08-13,2023-08-13
853,Auto,1064,853,2020-12-07,2023-04-21
854,auto,2931,854,2023-03-07,2024-03-06
855,Life,2215,855,2022-03-12,2023-03-12
856,Home,916,856,2019-09-04,2020-09-03
857,Home,2348,857,2023-04-12,2024-04-11
858,Auto,2855,858,2018-10-15,2019-10-15
859,Home,2217,859,2019-03-22,2020-03-21
860,Auto,1890,860,2020-06-03,2021-06-03
861,Auto,1567,861,2018-10-11,2019-10-11
862,Auto,2366,862,2018-06-17,2019-06-17
863,Life,1621,863,2019-09-13,2020-09-12
864,Home,1788,864,2021-06-19,2023-11-01
865,Auto,2306,865,2019-11-11,2020-11-10
866,Home,2687,866,2023-06-01,2024-05-31
867,Auto,2004,867,2018-03-25,2019-03-25
868,Home,1516,868,2022-07-26,2023-07-26
869,Home,1452,869,2020-08-27,2021-08-27
870,Auto,571,870,2020-07-03,2021-07-03
871,Life,2190,871,2020-09-03,2023-01-16
872,Home,1791,872,2021-08-16,2022-08-16
873,Life,1844,873,2022-10-18,2023-10-18
874,Life,2654,874,2018-11-04,2019-11-04
875,Auto,1382,875,2020-09-20,2021-09-20
876,Auto,638,876,2018-07-04,2019-07-04
877,Auto,2820,877,2021-09-26,2022-09-26
878,Home,2004,878,2022-11-03,2023-11-03
879,Auto,2963,879,2019-08-13,2021-12-25
880,auto,1232,880,2021-01-16,2022-01-16
881,AUTO,2248,881,2020-03-02,2021-03-02
882,Auto,923,882,2022-07-29,2023-07-29
883,Auto,2091,883,2021-11-28,2022-11-28
884,Auto,889,884,2019-09-28,2020-09-27
885,Auto,841,885,2022-03-14,2023-03-14
886,Auto,1445,886,2020-03-18,2021-03-18
887,Auto,1113,887,2020-08-16,2021-08-16
888,Life,992,888,2020-10-29,2021-10-29
889,Auto,691,889,2019-02-19,2020-02-19
890,Life,998,890,2021-03-13,2022-03-13
891,Home,1321,891,2020-08-08,2021-08-08
892,Life,2235,892,2020-09-09,2023-01-22
893,Life,1756,893,2023-02-23,2024-02-23
894,Auto,2468,894,2019-11-23,2020-11-22
895,Life,726,895,2020-08-04,2021-08-04
896,Life,1894,896,2019-05-02,2020-05-01
897,Life,2686,897,2018-11-02,2019-11-02
898,AUTO,1316,898,2018-10-15,2019-10-15
899,Home,1973,899,2018-11-19,2019-11-19
900,Auto,1586,900,2019-11-15,2020-11-14
901,Auto,603,901,2021-11-25,2022-11-25
902,Home,2374,902,2020-04-21,2021-04-21
903,Life,1370,903,2016-12-06,2019-04-20
904,Home,1167,904,2022-08-25,2023-08-25
905,Life,2542,905,2021-05-30,2022-05-30
906,Home,772,906,2020-04-14,2021-04-14
907,Auto,1529,907,2022-11-20,2023-11-20
908,Auto,2731,908,2020-10-24,2021-10-24
909,Auto,1551,909,2023-06-17,2024-06-16
910,Life,2073,910,2018-12-04,2019-12-04
911,Life,792,911,2018-08-30,2019-08-30
912,Home,2724,912,2018-02-24,2019-02-24
913,Auto,2605,913,2022-10-14,2023-10-14
914,Auto,1792,914,2018-03-26,2019-03-26
915,Life,807,915,2020-09-18,2021-09-18
916,Home,1476,916,2022-12-17,2023-12-17
917,Life,1751,917,2019-06-16,2020-06-15
918,Auto,1770,918,2023-04-10,2024-04-09
919,Auto,2017,919,2022-07-31,2023-07-31
920,Auto,2630,920,2022-07-21,2023-07-21
921,Life,1709,921,2022-06-23,2023-06-23
922,Life,2799,922,2023-06-13,2024-06-12
923,Life,1878,923,2022-07-17,2023-07-17
924,AUTO,2273,924,2021-02-27,2022-02-27
925,Auto,2219,925,2021-07-21,2022-07-21
926,Home,2542,926,2019-12-15,2020-12-14
927,Auto,1295,927,2020-11-23,2021-11-23
928,Home,1396,928,2019-05-04,2020-05-03
929,Life,2461,929,2021-01-01,2022-01-01
930,auto,709,930,2020-06-05,2021-06-05
931,Auto,2994,931,2019-04-01,2020-03-31
932,Auto,1467,932,2022-09-01,2023-09-01
933,Life,971,933,2018-10-15,2019-10-15
934,Auto,2917,934,2019-07-16,2021-11-27
935,AUTO,1422,935,2020-03-15,2021-03-15
936,Auto,636,936,2022-05-20,2023-05-20
937,Auto,866,937,2019-05-10,2020-05-09
938,Auto,683,938,2020-12-25,2023-05-09
939,Home,1898,939,2022-02-23,2023-02-23
940,AUTO,1036,940,2022-12-05,2023-12-05
941,Auto,2102,941,2019-11-01,2020-10-31
942,Auto,1773,942,2021-09-18,2022-09-18
943,Auto,1596,943,2021-09-01,2022-09-01
944,Auto,1805,944,2021-07-29,2022-07-29
945,Auto,1415,945,2023-03-12,2024-03-11
946,Home,651,946,2023-07-05,2024-07-04
947,Home,1528,947,2022-09-13,2023-09-13
948,Auto,1718,948,2023-05-16,2024-05-15
949,Auto,2477,949,2020-10-14,2021-10-14
950,Home,770,950,2021-06-04,2022-06-04
951,Life,1686,951,2022-02-04,2023-02-04
952,Auto,959,952,2023-05-01,2024-04-30
953,Home,604,953,2021-09-29,2022-09-29
954,Auto,2210,954,2020-12-01,2021-12-01
955,Auto,2709,955,2020-09-03,2021-09-03
956,Life,2898,956,2019-05-24,2020-05-23
957,Life,933,957,2020-01-14,2021-01-13
958,Home,639,958,2019-05-01,2020-04-30
959,Auto,1994,959,2021-01-06,2022-01-06
960,Home,586,960,2020-11-17,2021-11-17
961,Life,2211,961,2021-09-15,2022-09-15
962,Life,2730,962,2018-12-29,2019-12-29
963,Life,2915,963,2022-01-10,2023-01-10
964,Auto,628,964,2021-12-26,2022-12-26
965,Auto,1769,965,2018-12-14,2019-12-14
966,Auto,2101,966,2019-03-18,2020-03-17
967,AUTO,1169,967,2022-06-25,2023-06-25
968,auto,648,968,2018-07-17,2019-07-17
969,Home,1484,969,2019-08-11,2020-08-10
970,Home,1351,970,2019-06-30,2020-06-29
971,Home,1956,971,2023-04-09,2024-04-08
972,Auto,1127,972,2019-10-28,2020-10-27
973,AUTO,1992,973,2018-01-31,2019-01-31
974,Life,2993,974,2020-04-09,2021-04-09
975,Life,2544,975,2018-05-03,2020-09-14
976,AUTO,1383,976,2019-02-13,2020-02-13
977,auto,2841,977,2018-09-06,2019-09-06
978,Home,2288,978,2019-06-17,2020-06-16
979,Life,749,979,2023-01-29,2024-01-29
980,Life,1447,980,2022-05-06,2023-05-06
981,Home,1474,981,2023-01-09,2024-01-09
982,Life,1825,982,2019-05-20,2020-05-19
983,Home,1483,983,2022-09-18,2023-09-18
984,Auto,1388,984,2018-07-26,2019-07-26
985,Home,2617,985,2018-05-22,2019-05-22
986,Auto,1374,986,2023-02-06,2024-02-06
987,Auto,1826,987,2022-01-21,2023-01-21
988,Life,970,988,2019-01-08,2020-01-08
989,Life,2487,989,2019-07-05,2020-07-04
990,Life,590,990,2020-02-20,2021-02-19
991,Home,1029,991,2021-12-05,2022-12-05
992,Home,1160,992,2018-04-10,2019-04-10
993,Life,1238,993,2022-01-04,2024-05-18
994,Home,1371,994,2019-08-08,2020-08-07
995,Life,2186,995,2020-05-28,2021-05-28
996,Home,691,996,2022-03-22,2023-03-22
997,Auto,2486,997,2018-08-02,2019-08-02
998,Auto,2685,998,2021-04-27,2022-04-27
999,Life,844,999,2018-12-28,2019-12-28
1000,Home,1508,1000,2019-04-19,2021-08-31
712,Auto,1403,1001,2021-02-12,2022-02-12
503,Life,2669,1002,2023-05-17,2024-05-16
203,Life,839,1003,2020-02-28,2021-02-27
573,Life,674,1004,2019-10-18,2020-10-17
192,Auto,2423,1005,2018-07-27,2019-07-27
5,Home,2214,1006,2019-10-07,2020-10-06
890,Life,1096,1007,2021-03-13,2022-03-13
237,Home,950,1008,2019-01-24,2020-01-24
693,Home,1056,1009,2022-12-20,2023-12-20
311,AUTO,1659,1010,2020-08-22,2021-08-22
549,Auto,1856,1011,2022-09-21,2023-09-21
56,Home,2556,1012,2020-08-14,2021-08-14
443,Life,2881,1013,2021-05-04,2022-05-04
237,Auto,1516,1014,2019-01-02,2020-01-02
870,Life,2874,1015,2020-07-11,2021-07-11
861,Life,2562,1016,2018-10-25,2019-10-25
197,Auto,1338,1017,2021-10-18,2022-10-18
585,Life,2137,1018,2018-08-31,2019-08-31
571,AUTO,725,1019,2023-03-19,2024-03-18
752,Auto,2313,1020,2021-06-15,2022-06-15
514,Life,2660,1021,2021-01-12,2022-01-12
449,Home,2520,1022,2022-04-25,2023-04-25
360,Life,1951,1023,2018-09-17,2021-01-29
700,Home,2548,1024,2020-11-07,2021-11-07
819,Life,2813,1025,2018-08-23,2019-08-23
30,Auto,2014,1026,2018-02-05,2019-02-05
779,Auto,1731,1027,2022-08-15,2023-08-15
988,auto,2145,1028,2019-01-07,2020-01-07
108,Auto,2235,1029,2020-07-21,2021-07-21
844,Life,805,1030,2019-07-17,2020-07-16
935,Auto,2559,1031,2020-03-01,2021-03-01
602,Home,2223,1032,2018-08-23,2019-08-23
717,Life,2189,1033,2022-08-10,2023-08-10
891,Home,2017,1034,2020-08-10,2021-08-10
968,Home,1891,1035,2018-07-04,2019-07-04
959,AUTO,919,1036,2019-08-24,2022-01-05
960,Home,2718,1037,2020-10-29,2021-10-29
445,Life,633,1038,2023-02-15,2024-02-15
893,Home,2530,1039,2023-02-19,2024-02-19
438,Life,1950,1040,2020-03-24,2021-03-24
732,Life,2053,1041,2019-12-17,2020-12-16
890,Auto,1664,1042,2019-10-28,2022-03-11
606,Life,2369,1043,2019-09-01,2020-08-31
457,Life,2319,1044,2020-06-12,2021-06-12
615,Home,1842,1045,2020-06-19,2021-06-19
735,Life,1964,1046,2018-10-04,2019-10-04
698,AUTO,2726,1047,2020-04-09,2021-04-09
981,Auto,1579,1048,2023-01-08,2024-01-08
696,Home,1678,1049,2022-04-05,2023-04-05
495,Auto,2195,1050,2019-11-19,2020-11-18
674,Home,610,1051,2016-10-25,2019-03-09
247,auto,2684,1052,2019-09-21,2022-02-02
543,Home,2779,1053,2022-06-03,2023-06-03
564,auto,967,1054,2018-02-09,2019-02-09
857,AUTO,1313,1055,2023-04-12,2024-04-11
588,Auto,1772,1056,2020-08-23,2021-08-23
897,Home,1493,1057,2017-06-21,2019-11-03
439,Home,2531,1058,2021-09-07,2022-09-07
278,Auto,822,1059,2022-07-24,2023-07-24
552,Auto,1403,1060,2018-07-22,2019-07-22
613,Auto,2041,1061,2023-01-13,2024-01-13
111,Home,2499,1062,2019-04-16,2020-04-15
385,Home,2315,1063,2020-12-22,2021-12-22
833,auto,2976,1064,2018-08-24,2019-08-24
761,Auto,647,1065,2022-12-03,2023-12-03
191,Home,1641,1066,2022-10-27,2023-10-27
490,Auto,1349,1067,2023-06-05,2024-06-04
694,Home,866,1068,2019-07-01,2020-06-30
426,Auto,1589,1069,2019-12-23,2020-12-22
405,Home,2538,1070,2022-07-23,2023-07-23
335,Life,674,1071,2021-04-12,2023-08-25
209,Life,2354,1072,2022-05-11,2023-05-11
22,Auto,1087,1073,2018-02-03,2019-02-03
678,Home,994,1074,2021-03-18,2022-03-18
611,Home,1637,1075,2019-12-02,2020-12-01
208,Auto,2284,1076,2018-11-05,2019-11-05
8,Home,1670,1077,2020-01-20,2021-01-19
702,Auto,534,1078,2019-08-14,2020-08-13
687,Home,1498,1079,2019-09-11,2020-09-10
785,auto,1832,1080,2022-12-15,2023-12-15
529,Home,1537,1081,2019-03-08,2020-03-07
602,Auto,873,1082,2018-08-13,2019-08-13
653,AUTO,1951,1083,2020-06-26,2021-06-26
657,Life,2251,1084,2018-08-31,2019-08-31
166,Home,2780,1085,2018-05-17,2019-05-17
849,AUTO,1204,1086,2018-12-10,2021-04-23
496,auto,1062,1087,2021-08-05,2023-12-18
590,Home,2373,1088,2017-09-24,2020-02-06
429,Life,2623,1089,2022-05-28,2023-05-28
774,Home,938,1090,2021-01-26,2022-01-26
163,Life,2383,1091,2021-09-01,2022-09-01
366,Auto,2479,1092,2021-03-23,2022-03-23
526,Home,1198,1093,2019-01-22,2020-01-22
239,Auto,1812,1094,2022-08-25,2023-08-25
72,Auto,2063,1095,2020-11-29,2021-11-29
445,Life,1191,1096,2023-02-08,2024-02-08
655,Auto,2800,1097,2023-04-23,2024-04-22
822,Auto,1700,1098,2019-04-11,2021-08-23
509,AUTO,2957,1099,2018-05-31,2019-05-31
795,auto,2134,1100,2020-08-17,2021-08-17
269,Home,2133,1101,2019-09-08,2020-09-07
753,Home,626,1102,2019-05-08,2021-09-19
415,Home,2006,1103,2022-01-06,2023-01-06
245,Auto,1691,1104,2019-04-10,2020-04-09
675,Home,793,1105,2019-05-30,2020-05-29
60,Home,1866,1106,2020-11-20,2021-11-20
6,Home,1519,1107,2022-12-03,2023-12-03
709,Home,2857,1108,2021-04-02,2022-04-02
982,Home,918,1109,2018-01-27,2020-06-10
570,Home,943,1110,2021-03-29,2022-03-29
817,Auto,1184,1111,2019-12-16,2022-04-29
407,Home,2783,1112,2018-09-25,2019-09-25
217,Home,1962,1113,2022-09-30,2023-09-30
930,Life,2761,1114,2020-06-07,2021-06-07
26,Auto,584,1115,2017-01-08,2019-05-23
815,Auto,2267,1116,2023-01-31,2024-01-31
5,Auto,584,1117,2019-10-09,2020-10-08
986,Auto,2444,1118,2023-02-17,2024-02-17
532,Auto,2612,1119,2019-10-19,2020-10-18
390,Home,2169,1120,2018-05-06,2019-05-06
710,Life,1162,1121,2021-07-28,2022-07-28
571,Life,1126,1122,2023-04-14,2024-04-13
448,Auto,563,1123,2022-05-30,2023-05-30
754,Life,1418,1124,2021-03-12,2022-03-12
146,Life,1875,1125,2020-03-04,2021-03-04
388,Auto,1681,1126,2022-05-21,2023-05-21
785,Auto,2112,1127,2022-12-12,2023-12-12
249,Auto,990,1128,2021-06-21,2022-06-21
526,Home,2378,1129,2019-02-04,2020-02-04
462,Auto,2440,1130,2020-07-03,2021-07-03
13,Life,812,1131,2023-05-03,2024-05-02
903,Auto,1418,1132,2016-11-24,2019-04-08
384,Home,2382,1133,2022-11-25,2023-11-25
556,auto,1312,1134,2022-03-24,2023-03-24
887,Auto,1989,1135,2020-08-26,2021-08-26
399,Life,1826,1136,2022-06-14,2023-06-14
19,Home,1179,1137,2019-09-23,2020-09-22
575,Auto,934,1138,2021-02-10,2022-02-10
491,Life,1181,1139,2022-04-13,2023-04-13
751,Auto,1658,1140,2022-11-04,2023-11-04
419,Auto,1573,1141,2019-08-19,2020-08-18
337,Auto,1955,1142,2023-05-06,2024-05-05
419,Auto,2887,1143,2019-08-30,2020-08-29
915,Home,2894,1144,2020-10-11,2021-10-11
916,Life,1870,1145,2022-12-22,2023-12-22
612,Home,1148,1146,2016-11-10,2019-03-25
675,Auto,744,1147,2019-05-07,2020-05-06
928,Auto,2656,1148,2019-05-08,2020-05-07
122,Life,795,1149,2019-02-10,2020-02-10
432,Life,2659,1150,2019-10-17,2020-10-16
44,Life,2112,1151,2020-01-07,2021-01-06
872,auto,2890,1152,2021-07-29,2022-07-29
920,Life,2648,1153,2022-07-25,2023-07-25
317,Life,2127,1154,2018-10-29,2019-10-29
381,Auto,527,1155,2018-07-18,2019-07-18
145,Auto,2485,1156,2019-06-12,2020-06-11
327,Life,2060,1157,2019-12-02,2020-12-01
363,Life,557,1158,2018-05-10,2019-05-10
50,Auto,2021,1159,2023-03-21,2024-03-20
65,Life,796,1160,2018-02-17,2019-02-17
355,Home,2681,1161,2020-06-12,2021-06-12
800,Home,2796,1162,2019-04-07,2020-04-06
164,Home,1401,1163,2022-01-24,2023-01-24
141,Life,2464,1164,2021-08-12,2022-08-12
966,Auto,1598,1165,2019-03-27,2020-03-26
826,Life,2177,1166,2021-12-02,2022-12-02
128,Life,1691,1167,2018-06-16,2019-06-16
398,Auto,1270,1168,2019-05-17,2020-05-16
933,AUTO,2026,1169,2017-05-30,2019-10-12
880,Auto,1878,1170,2021-01-05,2022-01-05
463,Home,1748,1171,2018-06-25,2019-06-25
751,Life,2054,1172,2022-11-14,2023-11-14
836,Auto,645,1173,2019-11-06,2020-11-05
808,Life,2483,1174,2019-10-05,2020-10-04
187,Auto,1764,1175,2018-09-01,2019-09-01
720,Home,2407,1176,2022-04-29,2023-04-29
732,Auto,2891,1177,2019-12-26,2020-12-25
912,Auto,2272,1178,2018-03-09,2019-03-09
190,Life,1558,1179,2018-09-04,2019-09-04
388,Auto,2548,1180,2022-05-03,2023-05-03
429,Life,2519,1181,2022-06-04,2023-06-04
858,Auto,652,1182,2018-10-21,2019-10-21
284,Auto,2976,1183,2023-05-11,2024-05-10
864,Life,1007,1184,2022-11-08,2023-11-08
237,AUTO,990,1185,2019-01-12,2020-01-12
194,Life,844,1186,2019-09-09,2020-09-08
287,Home,2435,1187,2020-11-08,2021-11-08
771,Life,2261,1188,2019-03-24,2021-08-05
758,auto,720,1189,2020-10-04,2021-10-04
136,Home,2438,1190,2022-09-16,2023-09-16
792,auto,2442,1191,2023-05-22,2024-05-21
783,Life,1222,1192,2022-08-25,2023-08-25
171,Home,1027,1193,2021-06-23,2022-06-23
159,Life,2022,1194,2020-02-29,2021-02-28
201,Auto,2164,1195,2022-12-16,2023-12-16
487,Life,980,1196,2022-04-30,2023-04-30
557,auto,2371,1197,2018-07-28,2019-07-28
962,Auto,1962,1198,2018-12-18,2019-12-18
776,Life,1925,1199,2018-10-10,2019-10-10
583,Auto,844,1200,2019-09-14,2020-09-13
504,Auto,544,1201,2022-01-06,2023-01-06
876,Home,2568,1202,2018-07-01,2019-07-01
371,Auto,2157,1203,2019-04-26,2020-04-25
103,AUTO,2387,1204,2021-10-19,2022-10-19
125,Auto,2595,1205,2018-10-05,2021-02-16
313,Life,2014,1206,2018-07-13,2019-07-13
976,Auto,2834,1207,2019-02-27,2020-02-27
995,Life,1501,1208,2020-05-04,2021-05-04
798,Life,1533,1209,2020-12-15,2021-12-15
458,AUTO,2540,1210,2019-09-24,2020-09-23
230,Life,773,1211,2018-05-17,2019-05-17
658,Auto,1455,1212,2019-10-01,2022-02-12
882,Auto,2279,1213,2022-08-12,2023-08-12
197,Life,880,1214,2021-10-16,2022-10-16
885,auto,1852,1215,2022-03-15,2023-03-15
733,Home,978,1216,2022-02-14,2023-02-14
423,Auto,2562,1217,2018-03-19,2019-03-19
572,Home,1015,1218,2019-03-19,2020-03-18
610,Life,690,1219,2020-10-15,2021-10-15
171,Auto,1691,1220,2021-06-26,2022-06-26
382,Life,1660,1221,2021-08-02,2022-08-02
173,Auto,2701,1222,2018-03-02,2019-03-02
663,AUTO,1911,1223,2022-01-23,2023-01-23
453,AUTO,771,1224,2019-07-24,2020-07-23
350,Auto,642,1225,2019-06-27,2020-06-26
902,Life,2412,1226,2020-04-04,2021-04-04
952,Auto,1592,1227,2023-04-30,2024-04-29
634,Auto,2794,1228,2021-04-21,2022-04-21
494,Home,1287,1229,2021-12-05,2022-12-05
620,Life,2626,1230,2021-07-26,2022-07-26
4,Life,2181,1231,2022-05-25,2023-05-25
93,auto,1122,1232,2019-01-14,2020-01-14
919,Home,1437,1233,2022-07-20,2023-07-20
6,Life,1618,1234,2022-12-04,2023-12-04
288,Home,1116,1235,2021-01-12,2022-01-12
618,Life,1531,1236,2021-12-28,2024-05-11
146,Auto,566,1237,2020-02-27,2021-02-26
783,AUTO,690,1238,2022-08-19,2023-08-19
424,Auto,1020,1239,2019-02-25,2021-07-09
890,Life,1489,1240,2021-03-06,2022-03-06
608,Life,1640,1241,2023-05-03,2024-05-02
457,Life,2814,1242,2020-05-27,2021-05-27
741,Life,2134,1243,2022-06-05,2023-06-05
202,Life,1687,1244,2022-02-19,2023-02-19
212,Life,875,1245,2021-12-10,2022-12-10
6,Home,1152,1246,2022-12-11,2023-12-11
624,Life,1048,1247,2021-01-27,2022-01-27
376,Home,1597,1248,2020-11-13,2021-11-13
891,Auto,572,1249,2020-08-02,2021-08-02
447,Auto,2855,1250,2018-08-04,2019-08-04
835,Life,698,1251,2022-11-11,2023-11-11
106,Home,2281,1252,2022-12-13,2023-12-13
651,Home,1071,1253,2021-01-06,2022-01-06
811,Life,1290,1254,2019-06-12,2020-06-11
401,Life,2138,1255,2018-03-14,2019-03-14
96,Home,2331,1256,2021-09-06,2022-09-06
388,Home,2355,1257,2022-05-05,2023-05-05
959,Home,2010,1258,2021-01-02,2022-01-02
452,auto,1674,1259,2020-09-17,2021-09-17
849,Home,678,1260,2020-05-12,2021-05-12
809,Auto,2744,1261,2018-07-26,2019-07-26
979,auto,1234,1262,2021-09-23,2024-02-05
901,Life,2636,1263,2021-11-05,2022-11-05
416,Home,1298,1264,2019-07-19,2020-07-18
726,Life,1287,1265,2020-07-22,2021-07-22
504,Life,708,1266,2021-12-29,2022-12-29
454,auto,992,1267,2020-01-03,2021-01-02
291,Life,2157,1268,2021-02-24,2022-02-24
534,Auto,1231,1269,2020-06-25,2021-06-25
193,Auto,1629,1270,2018-10-01,2019-10-01
980,Home,2105,1271,2022-05-13,2023-05-13
150,Home,1093,1272,2018-07-25,2019-07-25
880,Home,1715,1273,2021-01-06,2022-01-06
759,AUTO,824,1274,2021-07-27,2022-07-27
779,Life,1478,1275,2022-09-05,2023-09-05
973,Auto,2249,1276,2018-02-21,2019-02-21
763,Auto,2350,1277,2018-07-11,2019-07-11
515,Home,1990,1278,2022-05-26,2023-05-26
393,Auto,1393,1279,2018-05-20,2019-05-20
316,AUTO,1890,1280,2020-12-03,2021-12-03
76,Auto,643,1281,2018-08-24,2019-08-24
599,Auto,883,1282,2022-08-13,2023-08-13
270,Auto,2763,1283,2018-09-06,2019-09-06
225,Home,2871,1284,2018-02-09,2019-02-09
530,Home,716,1285,2018-06-12,2019-06-12
113,Auto,2015,1286,2020-09-12,2021-09-12
251,Home,2730,1287,2020-06-03,2021-06-03
233,Life,2817,1288,2021-03-21,2022-03-21
841,Auto,1990,1289,2022-06-22,2023-06-22
791,Life,2135,1290,2018-10-11,2019-10-11
714,AUTO,2852,1291,2022-10-28,2023-10-28
83,auto,1667,1292,2019-02-16,2020-02-16
125,Life,610,1293,2020-02-19,2021-02-18
175,Auto,1513,1294,2020-03-02,2021-03-02
69,AUTO,731,1295,2019-03-10,2020-03-09
47,Life,2214,1296,2018-03-25,2019-03-25
884,Auto,2255,1297,2019-10-11,2020-10-10
256,Life,2077,1298,2021-12-02,2022-12-02
727,auto,1796,1299,2022-08-24,2023-08-24
30,Life,2720,1300,2018-02-14,2019-02-14
281,Life,1472,1301,2021-11-03,2022-11-03
924,Auto,1530,1302,2021-03-12,2022-03-12
994,auto,1017,1303,2019-08-10,2020-08-09
237,Auto,1413,1304,2018-12-29,2019-12-29
248,Home,2762,1305,2022-03-11,2023-03-11
368,Auto,2681,1306,2022-07-22,2023-07-22
495,Life,2832,1307,2019-11-22,2020-11-21
25,auto,2444,1308,2019-03-02,2020-03-01
586,auto,1962,1309,2021-10-05,2024-02-17
718,Home,2372,1310,2023-01-20,2024-01-20
490,Life,2878,1311,2023-05-17,2024-05-16
494,Home,1807,1312,2021-12-19,2022-12-19
314,Auto,1398,1313,2019-08-29,2022-01-10
606,Auto,1598,1314,2018-05-05,2020-09-16
375,Home,1689,1315,2023-02-06,2024-02-06
639,Home,1712,1316,2018-10-16,2021-02-27
937,Auto,2625,1317,2019-05-31,2020-05-30
25,Auto,1187,1318,2019-03-03,2020-03-02
334,Life,2568,1319,2018-06-13,2019-06-13
355,Home,1065,1320,2020-06-13,2021-06-13
116,Auto,1707,1321,2021-12-01,2022-12-01
48,Life,2394,1322,2023-05-02,2024-05-01
738,Home,1326,1323,2022-01-20,2023-01-20
778,Home,1851,1324,2020-06-18,2021-06-18
99,Life,2726,1325,2022-07-24,2023-07-24
459,auto,2311,1326,2019-02-24,2020-02-24
523,Auto,1582,1327,2019-01-12,2020-01-12
597,auto,1850,1328,2020-06-14,2021-06-14
405,Home,2144,1329,2022-07-15,2023-07-15
214,Home,690,1330,2020-12-27,2021-12-27
685,auto,1723,1331,2019-12-09,2020-12-08
903,Auto,1835,1332,2018-04-11,2019-04-11
503,Home,1207,1333,2023-05-06,2024-05-05
721,Life,878,1334,2018-05-23,2019-05-23
448,Home,886,1335,2022-06-04,2023-06-04
894,Auto,2784,1336,2019-11-16,2020-11-15
576,auto,1115,1337,2018-03-29,2020-08-10
258,Auto,2042,1338,2018-11-22,2019-11-22
844,Auto,2830,1339,2019-07-19,2020-07-18
121,Auto,2548,1340,2018-08-26,2019-08-26
810,Home,2254,1341,2022-06-06,2023-06-06
978,Auto,963,1342,2019-06-29,2020-06-28
54,Life,1466,1343,2019-08-06,2020-08-05
331,Auto,671,1344,2023-03-29,2024-03-28
784,Home,1646,1345,2019-01-20,2021-06-03
241,AUTO,1342,1346,2018-05-13,2019-05-13
755,Life,1821,1347,2019-09-05,2020-09-04
530,Auto,2408,1348,2018-06-20,2019-06-20
483,Auto,1189,1349,2023-03-18,2024-03-17
187,Auto,2007,1350,2018-09-01,2019-09-01
858,Home,2712,1351,2018-10-28,2019-10-28
656,Auto,2524,1352,2023-06-14,2024-06-13
262,Life,2222,1353,2021-01-03,2022-01-03
953,Home,882,1354,2021-09-18,2022-09-18
364,Home,2756,1355,2021-05-10,2022-05-10
491,Auto,1912,1356,2022-03-24,2023-03-24
431,Life,2083,1357,2021-07-09,2022-07-09
239,Home,2771,1358,2022-08-14,2023-08-14
304,auto,2550,1359,2022-11-11,2023-11-11
298,Auto,871,1360,2023-04-26,2024-04-25
76,Auto,2210,1361,2017-04-13,2019-08-26
700,Life,1969,1362,2020-11-17,2021-11-17
333,AUTO,1110,1363,2019-06-21,2020-06-20
900,Life,615,1364,2019-11-09,2020-11-08
999,Home,946,1365,2018-12-21,2019-12-21
758,Life,1891,1366,2020-10-01,2021-10-01
642,Life,1840,1367,2022-06-22,2023-06-22
474,Auto,914,1368,2018-07-25,2019-07-25
827,Auto,2308,1369,2019-07-22,2020-07-21
923,Auto,1547,1370,2022-07-29,2023-07-29
283,Home,2373,1371,2019-09-03,2020-09-02
591,Auto,1573,1372,2018-10-15,2019-10-15
72,Auto,1217,1373,2019-07-01,2021-11-12
263,Life,1858,1374,2020-07-31,2021-07-31
703,auto,2105,1375,2019-10-11,2022-02-22
879,Auto,2818,1376,2021-01-03,2022-01-03
887,Life,1061,1377,2020-08-10,2021-08-10
942,Auto,2794,1378,2021-09-15,2022-09-15
575,auto,886,1379,2021-02-11,2022-02-11
1000,AUTO,1201,1380,2020-08-30,2021-08-30
892,Home,1472,1381,2022-01-26,2023-01-26
12,Home,1884,1382,2020-08-30,2023-01-12
141,auto,1483,1383,2021-08-09,2022-08-09
766,Auto,2011,1384,2022-08-31,2023-08-31
555,Home,851,1385,2020-08-24,2021-08-24
17,AUTO,2224,1386,2019-07-29,2020-07-28
63,Home,2451,1387,2020-11-13,2023-03-28
253,AUTO,1779,1388,2022-03-19,2023-03-19
465,Auto,2407,1389,2021-06-11,2022-06-11
376,Home,1252,1390,2020-11-12,2021-11-12
804,AUTO,1524,1391,2018-01-17,2019-01-17
981,Home,1045,1392,2023-01-14,2024-01-14
520,Auto,1969,1393,2020-09-17,2021-09-17
837,Life,578,1394,2020-02-18,2022-07-02
90,Life,1759,1395,2019-04-03,2020-04-02
720,AUTO,2881,1396,2022-04-29,2023-04-29
804,Auto,1388,1397,2018-01-01,2019-01-01
796,Life,1605,1398,2018-09-26,2019-09-26
630,Home,2490,1399,2022-01-16,2023-01-16
861,auto,2000,1400,2017-05-29,2019-10-11
175,Life,1420,1401,2020-02-23,2021-02-22
76,Home,1049,1402,2018-08-26,2019-08-26
613,Auto,2561,1403,2023-01-11,2024-01-11
926,Home,891,1404,2018-07-19,2020-11-30
663,Home,2857,1405,2022-02-07,2023-02-07
400,Home,2933,1406,2018-06-07,2019-06-07
782,Life,1880,1407,2019-09-16,2020-09-15
970,Auto,1473,1408,2019-07-10,2020-07-09
71,auto,839,1409,2019-11-13,2020-11-12
180,Life,1256,1410,2021-11-30,2022-11-30
124,Home,1545,1411,2018-07-23,2019-07-23
381,Auto,2838,1412,2018-07-26,2019-07-26
293,Home,2853,1413,2018-06-07,2019-06-07
797,Auto,1438,1414,2018-06-20,2019-06-20
195,Home,1347,1415,2019-11-04,2020-11-03
911,Auto,941,1416,2018-08-27,2019-08-27
228,Home,629,1417,2020-12-11,2021-12-11
431,AUTO,1096,1418,2021-07-07,2022-07-07
942,Home,2458,1419,2021-09-25,2022-09-25
436,Home,2005,1420,2020-08-09,2021-08-09
787,Life,1361,1421,2020-07-24,2021-07-24
461,AUTO,1498,1422,2021-05-30,2022-05-30
618,AUTO,2872,1423,2023-04-30,2024-04-29
21,Home,2995,1424,2017-03-25,2019-08-07
64,Auto,2051,1425,2018-03-29,2019-03-29
165,Life,2140,1426,2019-12-16,2020-12-15
27,Auto,2011,1427,2019-10-28,2022-03-11
311,Auto,2236,1428,2020-08-07,2021-08-07
285,Life,1949,1429,2022-11-29,2023-11-29
660,Home,2357,1430,2019-08-03,2020-08-02
281,AUTO,764,1431,2021-11-05,2022-11-05
838,Life,1962,1432,2018-08-29,2019-08-29
831,Home,656,1433,2020-05-21,2021-05-21
164,Life,1945,1434,2020-09-05,2023-01-18
898,Auto,2798,1435,2018-09-28,2019-09-28
918,Home,2132,1436,2023-03-24,2024-03-23
224,Home,2874,1437,2022-07-31,2023-07-31
784,AUTO,1394,1438,2020-06-03,2021-06-03
146,Life,2644,1439,2020-03-21,2021-03-21
965,Life,1012,1440,2018-12-24,2019-12-24
950,auto,715,1441,2021-06-07,2022-06-07
868,Home,2672,1442,2022-07-29,2023-07-29
30,Auto,2206,1443,2018-02-10,2019-02-10
45,AUTO,2606,1444,2018-08-14,2019-08-14
787,AUTO,2067,1445,2020-08-13,2021-08-13
471,Life,2708,1446,2021-04-26,2022-04-26
34,auto,2831,1447,2023-02-02,2024-02-02
653,Home,2653,1448,2020-07-07,2021-07-07
427,Life,1628,1449,2018-10-08,2019-10-08
830,Life,727,1450,2021-08-06,2023-12-19
886,Home,2865,1451,2018-10-19,2021-03-02
221,Auto,1987,1452,2019-12-01,2020-11-30
868,Home,1301,1453,2022-07-26,2023-07-26
534,Auto,2122,1454,2019-02-26,2021-07-10
692,Home,2405,1455,2022-11-18,2023-11-18
948,Home,971,1456,2023-05-27,2024-05-26
367,Life,1579,1457,2018-12-11,2021-04-24
932,Home,2560,1458,2022-09-15,2023-09-15
841,Home,1541,1459,2022-06-30,2023-06-30
743,AUTO,2660,1460,2021-11-19,2022-11-19
915,Life,728,1461,2020-09-22,2021-09-22
550,Auto,670,1462,2019-03-27,2020-03-26
582,Auto,794,1463,2022-08-22,2023-08-22
116,Life,688,1464,2021-12-04,2022-12-04
239,Life,925,1465,2022-09-01,2023-09-01
335,Life,1476,1466,2022-09-08,2023-09-08
441,Home,1602,1467,2023-02-11,2024-02-11
148,auto,1418,1468,2020-07-27,2021-07-27
9,Life,998,1469,2021-07-03,2022-07-03
288,Auto,2321,1470,2020-12-31,2021-12-31
388,Auto,1365,1471,2022-05-25,2023-05-25
50,Auto,1325,1472,2023-03-22,2024-03-21
850,Home,2358,1473,2019-12-22,2020-12-21
517,Auto,2618,1474,2022-06-21,2023-06-21
916,Auto,2795,1475,2022-12-05,2023-12-05
855,Auto,645,1476,2022-03-16,2023-03-16
638,Life,2141,1477,2018-11-28,2019-11-28
587,Auto,1819,1478,2019-07-25,2020-07-24
677,Home,969,1479,2018-09-03,2019-09-03
278,Auto,692,1480,2021-03-02,2023-07-15
954,Life,1591,1481,2020-12-14,2021-12-14
836,Auto,551,1482,2019-10-14,2020-10-13
989,Life,2910,1483,2019-06-29,2020-06-28
300,Life,2320,1484,2020-10-23,2021-10-23
802,auto,2369,1485,2022-08-12,2023-08-12
589,AUTO,2286,1486,2018-02-27,2019-02-27
810,AUTO,1954,1487,2022-05-25,2023-05-25
649,auto,2367,1488,2017-12-26,2020-05-09
618,Life,2507,1489,2023-05-13,2024-05-12
607,Life,1934,1490,2020-03-09,2021-03-09
135,Life,1339,1491,2020-03-17,2021-03-17
580,Life,740,1492,2022-01-19,2024-06-02
147,Home,1035,1493,2018-10-02,2019-10-02
490,Auto,1907,1494,2023-05-09,2024-05-08
478,Life,582,1495,2023-02-07,2024-02-07
159,Life,1481,1496,2018-10-23,2021-03-06
384,auto,1450,1497,2021-06-29,2023-11-11
163,Auto,1110,1498,2021-08-28,2022-08-28
441,AUTO,1073,1499,2023-02-15,2024-02-15
853,Auto,2833,1500,2022-04-20,2023-04-20
